{
  "id": "2714676",
  "name": "番茄时钟",
  "font_family": "iconfont",
  "css_prefix_text": "icon-",
  "description": "",
  "glyphs": [
    {
      "icon_id": "436018",
      "name": "运动",
      "font_class": "yundong",
      "unicode": "e807",
      "unicode_decimal": 59399
    },
    {
      "icon_id": "1309150",
      "name": "工具,写,编辑,钢笔,铅笔,设备,写作,线性,扁平,填充,单色,简约,圆润",
      "font_class": "24",
      "unicode": "e6af",
      "unicode_decimal": 59055
    },
    {
      "icon_id": "1629893",
      "name": "闹钟",
      "font_class": "icon-test",
      "unicode": "e614",
      "unicode_decimal": 58900
    },
    {
      "icon_id": "11372728",
      "name": "眼睛",
      "font_class": "yanjing",
      "unicode": "e8bf",
      "unicode_decimal": 59583
    },
    {
      "icon_id": "15660033",
      "name": "工作台",
      "font_class": "gongzuotai",
      "unicode": "ea9a",
      "unicode_decimal": 60058
    },
    {
      "icon_id": "18119167",
      "name": "书",
      "font_class": "books-01",
      "unicode": "e6b1",
      "unicode_decimal": 59057
    },
    {
      "icon_id": "18164580",
      "name": "思考,想法,联想,处理",
      "font_class": "idea",
      "unicode": "e861",
      "unicode_decimal": 59489
    },
    {
      "icon_id": "20022016",
      "name": "统计",
      "font_class": "tongji",
      "unicode": "e64b",
      "unicode_decimal": 58955
    }
  ]
}
